<jclevel gameover="0" sx="0" sy="0" sl="0" st="-1" sr="31" sb="2" spx="160" spy="102" bgmusic="coolguitar.mp3" scale="1">
<obj class="0" id="0" x="82" y="-22" w="87" h="44" sx="0" sy="0" />
<obj class="0" id="0" x="364" y="43" w="87" h="44" sx="0" sy="0" />
<obj class="0" id="0" x="89" y="-19" w="87" h="44" sx="1" sy="0" />
<obj class="0" id="0" x="546" y="4" w="87" h="44" sx="1" sy="0" />
<obj class="0" id="0" x="264" y="75" w="87" h="44" sx="2" sy="0" />
<obj class="0" id="0" x="462" y="61" w="87" h="44" sx="2" sy="0" />
<obj class="0" id="0" x="431" y="353" w="87" h="44" sx="3" sy="-1" />
<obj class="0" id="0" x="488" y="133" w="87" h="44" sx="4" sy="0" />
<obj class="0" id="0" x="245" y="90" w="87" h="44" sx="4" sy="1" />
<obj class="0" id="0" x="347" y="293" w="87" h="44" sx="3" sy="1" />
<obj class="0" id="0" x="273" y="214" w="87" h="44" sx="7" sy="-1" />
<obj class="0" id="0" x="107" y="236" w="87" h="44" sx="9" sy="-1" />
<obj class="0" id="0" x="454" y="361" w="87" h="44" sx="9" sy="-1" />
<obj class="0" id="0" x="472" y="246" w="87" h="44" sx="10" sy="-1" />
<obj class="0" id="0" x="333" y="389" w="87" h="44" sx="11" sy="-1" />
<obj class="0" id="0" x="304" y="253" w="87" h="44" sx="12" sy="-1" />
<obj class="0" id="0" x="510" y="105" w="87" h="44" sx="13" sy="-1" />
<obj class="0" id="0" x="195" y="284" w="93" h="55" sx="14" sy="-1" />
<obj class="0" id="0" x="546" y="206" w="93" h="55" sx="14" sy="-1" />
<obj class="0" id="0" x="395" y="305" w="93" h="55" sx="15" sy="-1" />
<obj class="0" id="0" x="422" y="241" w="102" h="60" sx="21" sy="-1" />
<obj class="0" id="0" x="186" y="360" w="102" h="60" sx="22" sy="-1" />
<obj class="0" id="0" x="172" y="243" w="102" h="60" sx="23" sy="-1" />
<obj class="0" id="0" x="333" y="0" w="102" h="60" sx="24" sy="0" />   
<obj class="0" id="0" x="310" y="316" w="102" h="60" sx="25" sy="-1" />        
<obj class="0" id="0" x="278" y="98" w="102" h="60" sx="27" sy="-1" />        
<obj class="0" id="0" x="272" y="36" w="102" h="60" sx="26" sy="0" />    
<obj class="0" id="0" x="102" y="254" w="102" h="60" sx="28" sy="-1" />        
<obj class="0" id="0" x="521" y="150" w="102" h="60" sx="28" sy="-1" />    
<obj class="0" id="0" x="103" y="163" w="115" h="68" sx="29" sy="-1" /> 
<obj class="0" id="0" x="55" y="32" w="115" h="68" sx="30" sy="-1" /> 
<obj class="0" id="0" x="67" y="290" w="115" h="68" sx="31" sy="-1" /> 
<obj class="2" id="0" x="411" y="109" w="91" h="81" sx="1" sy="0" />
<obj class="3" id="0" x="512" y="146" sx="1" sy="0" />
<obj class="3" id="1" x="190" y="171" sx="2" sy="0" />
<obj class="4" id="0" x="301" y="170" w="142" h="71" sx="2" sy="0" />
<obj class="3" id="1" x="146" y="289" sx="3" sy="-1" />
<obj class="3" id="1" x="160" y="291" sx="4" sy="-1" />
<obj class="4" id="1" x="143" y="161" w="143" h="72" sx="3" sy="0" />
<obj class="7" id="0" x="0" y="306" sx="3" sy="0" />
<obj class="7" id="0" x="31" y="306" sx="3" sy="0" />
<obj class="7" id="0" x="62" y="306" sx="3" sy="0" />
<obj class="7" id="0" x="91" y="305" sx="3" sy="0" />
<obj class="7" id="0" x="118" y="305" sx="3" sy="0" />
<obj class="3" id="0" x="355" y="203" sx="3" sy="0" />
<obj class="3" id="1" x="378" y="224" sx="4" sy="0" />
<obj class="3" id="1" x="535" y="5" sx="4" sy="0" />
<obj class="2" id="1" x="293" y="233" w="26" h="32" sx="4" sy="1" />
<obj class="3" id="0" x="456" y="360" sx="3" sy="1" />
<obj class="3" id="0" x="177" y="311" sx="5" sy="1" />
<obj class="7" id="2" x="243" y="331" sx="5" sy="1" />
<obj class="7" id="2" x="277" y="332" sx="5" sy="1" />
<obj class="4" id="2" x="495" y="348" w="140" h="28" sx="5" sy="1" code="0"/>
<obj class="7" id="2" x="109" y="333" sx="6" sy="1" />
<obj class="7" id="2" x="141" y="332" sx="6" sy="1" />
<obj class="2" id="1" x="281" y="297" w="36" h="44" sx="6" sy="1" />
<obj class="2" id="1" x="281" y="252" w="36" h="44" sx="6" sy="1" />
<obj class="8" id="0" x="105" y="151" w="60" h="31" sx="6" sy="1" code="0" />
<obj class="3" id="1" x="255" y="151" sx="6" sy="2" />
<obj class="10" id="0" x="75" y="334" w="52" h="60" srange="280" erange="170" sx="7" sy="-1" />
<obj class="3" id="0" x="106" y="60" sx="7" sy="0" />
<obj class="3" id="1" x="188" y="55" sx="7" sy="0" />
<obj class="3" id="1" x="333" y="159" sx="7" sy="1" />
<obj class="3" id="2" x="392" y="151" sx="7" sy="1" />
<obj class="8" id="1" x="63" y="229" w="487" h="171" sx="8" sy="2" />
<obj class="4" id="3" x="208" y="72" w="294" h="27" yrange="822" pspace="147" sx="8" sy="2" />
<obj class="7" id="3" x="46" y="340" w="72" h="8" sx="8" sy="0" />
<obj class="8" id="2" x="270" y="267" w="202" h="218" sx="9" sy="-1" />
<obj class="3" id="0" x="134" y="49" sx="9" sy="0" />
<obj class="3" id="3" x="67" y="66" sx="9" sy="0" />
<obj class="4" id="0" x="418" y="44" w="142" h="71" sx="11" sy="0" />
<obj class="7" id="0" x="53" y="106" sx="12" sy="0" />
<obj class="7" id="0" x="98" y="112" sx="12" sy="0" />
<obj class="2" id="0" x="364" y="366" w="133" h="119" sx="13" sy="-1" />
<obj class="11" id="0" x="190" y="192" w="35" h="45" sx="13" sy="-1" />
<obj class="10" id="1" x="387" y="158" w="85" h="86" sx="13" sy="-1" dir="-1" />
<obj class="3" id="0" x="31" y="2" sx="14" sy="0" />
<obj class="3" id="1" x="336" y="5" sx="14" sy="0" />
<obj class="4" id="0" x="495" y="-14" w="142" h="71" sx="14" sy="0" />
<obj class="10" id="2" x="76" y="186" dir="1" sx="14" sy="-1" />
<obj class="7" id="0" x="326" y="100" sx="15" sy="0" />
<obj class="7" id="0" x="156" y="83" sx="15" sy="0" />
<obj class="3" id="1" x="410" y="40" sx="16" sy="0" />
<obj class="12" id="0" x="154" y="261" w="158" h="253" sx="16" sy="-1" />
<obj class="7" id="0" x="391" y="311" sx="7" sy="1" />
<obj class="3" id="0" x="8" y="51" sx="17" sy="0" />
<obj class="10" id="0" x="446" y="340" w="52" h="60" srange="190" erange="350" sx="18" sy="-1" />
<obj class="3" id="1" x="317" y="30" sx="18" sy="0" />
<obj class="2" id="0" x="131" y="36" w="61" h="55" sx="18" sy="0" />
<obj class="10" id="0" x="53" y="74" w="52" h="60" srange="10" erange="170" sx="19" sy="0" />
<obj class="11" id="0" x="480" y="43" w="33" h="43" sx="19" sy="0" />
<obj class="2" id="2" x="137" y="367" w="13" h="119" sx="20" sy="-1" />
<obj class="10" id="0" x="531" y="343" w="52" h="60" srange="190" erange="350" sx="20" sy="-1" />
<obj class="10" id="0" x="548" y="72" w="52" h="60" srange="10" erange="350" sx="20" sy="0" />
<obj class="2" id="3" x="105" y="328" w="172" h="162" sx="21" sy="-1" />
<obj class="11" id="0" x="91" y="37" w="31" h="40" sx="21" sy="0" />
<obj class="11" id="0" x="90" y="399" w="31" h="40" sx="21" sy="-1" />
<obj class="11" id="0" x="89" y="361" w="31" h="40" sx="21" sy="-1" />
<obj class="11" id="0" x="120" y="38" w="31" h="40" sx="21" sy="0" />
<obj class="11" id="0" x="119" y="2" w="31" h="40" sx="21" sy="0" />
<obj class="11" id="0" x="117" y="363" w="31" h="40" sx="21" sy="-1" />
<obj class="3" id="0" x="495" y="25" sx="21" sy="0" />
<obj class="8" id="2" x="75" y="278" w="275" h="214" sx="22" sy="-1" />
<obj class="10" id="0" x="459" y="75" w="52" h="60" srange="190" erange="350" sx="22" sy="0" />
<obj class="3" id="0" x="319" y="39" sx="23" sy="0" />
<obj class="7" id="4" x="182" y="283" w="84" h="8" sx="24" sy="-1" />
<obj class="7" id="0" x="344" y="133" sx="24" sy="0" />
<obj class="7" id="2" x="70" y="75" sx="24" sy="0" />
<obj class="7" id="2" x="88" y="73" sx="24" sy="0" />
<obj class="4" id="4" x="18" y="351" w="107" h="94" sx="27" sy="-1" />
<obj class="3" id="1" x="6" y="3" sx="26" sy="0" />
<obj class="7" id="0" x="124" y="215" sx="27" sy="0" />
<obj class="7" id="0" x="155" y="221" sx="27" sy="0" />
<obj class="7" id="0" x="189" y="218" sx="27" sy="0" />
<obj class="7" id="0" x="221" y="217" sx="27" sy="0" />
<obj class="7" id="0" x="254" y="218" sx="27" sy="0" />
<obj class="7" id="0" x="461" y="44" sx="28" sy="0" />
<obj class="5" id="0" x="245" y="-44" sx="1" sy="0" />
<obj class="5" id="0" x="175" y="177" sx="4" sy="0" />
<obj class="5" id="0" x="274" y="211" sx="4" sy="0" />
<obj class="5" id="2" x="323" y="217" sx="4" sy="1" />
<obj class="6" id="0" x="40" y="54" sx="4" sy="1" />
<obj class="6" id="0" x="295" y="54" sx="3" sy="1" />
<obj class="5" id="0" x="277" y="205" sx="6" sy="1" />
<obj class="5" id="1" x="368" y="294" sx="6" sy="1" />
<obj class="9" id="0" x="239" y="176" sx="7" sy="-1" />
<obj class="6" id="0" x="36" y="31" sx="7" sy="1" />
<obj class="9" id="0" x="416" y="313" sx="8" sy="0" />
<obj class="9" id="0" x="254" y="321" sx="8" sy="-1" />
<obj class="6" id="0" x="193" y="260" sx="13" sy="-1" />
<obj class="6" id="0" x="289" y="259" sx="13" sy="-1" />
<obj class="9" id="1" x="476" y="83" sx="15" sy="-1" />
<obj class="9" id="1" x="479" y="-150" sx="15" sy="-1" />
<obj class="5" id="2" x="220" y="18" sx="15" sy="0" />
<obj class="9" id="1" x="10" y="225" sx="16" sy="-1" />
<obj class="9" id="1" x="45" y="-48" sx="16" sy="-1" />
<obj class="9" id="1" x="57" y="-277" sx="16" sy="-1" />
<obj class="5" id="0" x="293" y="42" sx="17" sy="0" />
<obj class="5" id="0" x="512" y="40" sx="17" sy="0" />
<obj class="5" id="0" x="140" y="394" sx="18" sy="-1" />
<obj class="5" id="0" x="473" y="1" sx="19" sy="0" />
<obj class="5" id="0" x="264" y="34" sx="20" sy="0" />
<obj class="5" id="1" x="416" y="384" sx="22" sy="-1" />
<obj class="5" id="2" x="14" y="383" sx="23" sy="-1" />
<obj class="6" id="0" x="531" y="273" sx="23" sy="-1" />
<obj class="6" id="0" x="455" y="282" sx="24" sy="-1" />
<obj class="6" id="0" x="203" y="275" sx="25" sy="-1" />
<obj class="5" id="0" x="182" y="37" sx="25" sy="0" />
<obj class="9" id="2" x="351" y="277" sx="26" sy="-1" />
<obj class="9" id="2" x="449" y="273" sx="26" sy="-1" />
<obj class="9" id="2" x="17" y="210" sx="27" sy="-1" />
<obj class="9" id="2" x="126" y="203" sx="27" sy="-1" />
<obj class="9" id="2" x="237" y="201" sx="27" sy="-1" />
<obj class="9" id="2" x="367" y="199" sx="27" sy="-1" />
<obj class="9" id="2" x="507" y="198" sx="27" sy="-1" />
<obj class="1" id="0" x="58" y="199" w="74" h="90" sx="0" sy="0" />
<obj class="1" id="1" x="129" y="202" w="58" h="43" sx="0" sy="0" />
<obj class="1" id="2" x="175" y="198" w="56" h="68" sx="0" sy="0" />
<obj class="1" id="1" x="225" y="211" w="58" h="43" sx="0" sy="0" />
<obj class="1" id="2" x="321" y="185" w="76" h="92" sx="0" sy="0" />
<obj class="1" id="1" x="394" y="200" w="63" h="47" sx="0" sy="0" />
<obj class="1" id="1" x="53" y="176" w="57" h="42" sx="1" sy="0" />
<obj class="1" id="1" x="7" y="191" w="66" h="49" sx="1" sy="0" />    
<obj class="1" id="0" x="488" y="212" w="74" h="91" sx="0" sy="0" />
<obj class="1" id="2" x="518" y="220" w="75" h="90" sx="0" sy="0" />
<obj class="1" id="0" x="54" y="203" w="71" h="87" sx="1" sy="0" />
<obj class="1" id="0" x="156" y="186" w="68" h="83" sx="1" sy="0" />
<obj class="1" id="2" x="312" y="210" w="75" h="90" sx="1" sy="0" />
<obj class="1" id="2" x="420" y="176" w="75" h="90" sx="1" sy="0" />
<obj class="1" id="2" x="520" y="222" w="75" h="90" sx="1" sy="0" />
<obj class="1" id="2" x="93" y="208" w="75" h="90" sx="2" sy="0" />
<obj class="1" id="2" x="249" y="203" w="93" h="112" sx="2" sy="0" />
<obj class="1" id="3" x="496" y="31" w="223" h="250" sx="1" sy="0" />
<obj class="1" id="2" x="262" y="210" w="75" h="90" sx="3" sy="0" />
<obj class="1" id="2" x="467" y="194" w="75" h="90" sx="3" sy="0" />
<obj class="1" id="2" x="386" y="281" w="75" h="90" sx="3" sy="0" />
<obj class="1" id="2" x="87" y="210" w="75" h="90" sx="4" sy="0" />
<obj class="1" id="2" x="239" y="243" w="75" h="90" sx="4" sy="0" />
<obj class="1" id="2" x="452" y="253" w="75" h="90" sx="4" sy="0" />
<obj class="1" id="2" x="339" y="269" w="75" h="90" sx="4" sy="0" />
<obj class="1" id="3" x="473" y="79" w="223" h="250" sx="3" sy="0" />
<obj class="1" id="2" x="162" y="308" w="57" h="69" sx="4" sy="1" />
<obj class="1" id="2" x="421" y="288" w="57" h="69" sx="4" sy="1" />
<obj class="1" id="2" x="180" y="319" w="77" h="93" sx="4" sy="1" />
<obj class="1" id="3" x="422" y="189" w="223" h="250" sx="4" sy="1" />
<obj class="1" id="2" x="11" y="325" w="57" h="69" sx="3" sy="1" />
<obj class="1" id="2" x="231" y="321" w="57" h="69" sx="3" sy="1" />
<obj class="1" id="2" x="466" y="397" w="57" h="69" sx="3" sy="1" />
<obj class="1" id="2" x="52" y="338" w="95" h="115" sx="5" sy="1" />
<obj class="1" id="2" x="541" y="176" w="95" h="115" sx="5" sy="2" />
<obj class="1" id="0" x="345" y="171" w="111" h="136" sx="6" sy="2" />
<obj class="1" id="0" x="235" y="29" w="75" h="92" sx="9" sy="0" />
<obj class="1" id="1" x="534" y="130" w="72" h="54" sx="9" sy="0" />
<obj class="1" id="1" x="21" y="102" w="57" h="69" sx="11" sy="0" />
<obj class="1" id="1" x="494" y="116" w="57" h="69" sx="10" sy="0" />
<obj class="1" id="1" x="532" y="141" w="57" h="69" sx="10" sy="0" />
<obj class="1" id="1" x="123" y="92" w="72" h="54" sx="10" sy="0" />
<obj class="1" id="1" x="230" y="113" w="72" h="54" sx="10" sy="0" />
<obj class="1" id="1" x="262" y="173" w="72" h="54" sx="10" sy="0" />
<obj class="1" id="3" x="88" y="11" w="223" h="250" sx="10" sy="0" />
<obj class="1" id="2" x="313" y="96" w="57" h="69" sx="11" sy="0" />
<obj class="1" id="2" x="267" y="56" w="57" h="69" sx="12" sy="0" />
<obj class="1" id="2" x="136" y="91" w="57" h="69" sx="12" sy="0" />
<obj class="1" id="2" x="208" y="93" w="57" h="69" sx="12" sy="0" />
<obj class="1" id="1" x="450" y="31" w="72" h="54" sx="12" sy="0" />
<obj class="1" id="1" x="538" y="37" w="72" h="54" sx="12" sy="0" />
<obj class="1" id="0" x="497" y="16" w="75" h="92" sx="12" sy="0" />
<obj class="1" id="2" x="309" y="69" w="57" h="69" sx="13" sy="0" />
<obj class="1" id="2" x="143" y="73" w="57" h="69" sx="13" sy="0" />
<obj class="1" id="2" x="498" y="20" w="87" h="105" sx="13" sy="0" />
<obj class="1" id="0" x="116" y="43" w="75" h="92" sx="14" sy="0" />
<obj class="1" id="4" x="430" y="312" w="175" h="322" sx="15" sy="-1" />
<obj class="1" id="0" x="228" y="62" w="75" h="92" sx="15" sy="0" />
<obj class="1" id="0" x="9" y="325" w="380" h="293" sx="18" sy="-1" />
<obj class="1" id="6" x="407" y="210" w="25" h="432" sx="19" sy="-1" />
<obj class="1" id="5" x="94" y="392" w="258" h="199" sx="20" sy="-1" />
<obj class="1" id="4" x="448" y="358" w="175" h="322" sx="21" sy="-1" />
<obj class="1" id="1" x="500" y="119" w="72" h="54" sx="21" sy="0" />
<obj class="1" id="1" x="38" y="92" w="72" h="54" sx="22" sy="0" />
<obj class="1" id="2" x="260" y="60" w="93" h="112" sx="23" sy="0" />
<obj class="1" id="2" x="405" y="61" w="93" h="112" sx="23" sy="0" />
<obj class="1" id="2" x="334" y="91" w="93" h="112" sx="23" sy="0" />
<obj class="1" id="2" x="492" y="59" w="93" h="112" sx="24" sy="0" />
<obj class="1" id="3" x="55" y="349" w="223" h="250" sx="26" sy="-1" />
<obj class="1" id="2" x="34" y="389" w="98" h="119" sx="28" sy="-1" />
<obj class="1" id="2" x="166" y="397" w="98" h="119" sx="28" sy="-1" />
<obj class="1" id="2" x="276" y="389" w="98" h="119" sx="28" sy="-1" />
<obj class="1" id="2" x="542" y="392" w="98" h="119" sx="28" sy="-1" />
<obj class="12" id="1" x="380" y="257" w="206" h="162" sx="29" sy="-1" />
<obj class="13" id="0" x="29" y="251" w="203" h="170" sx="30" sy="-1" />
<obj class="13" id="0" x="225" y="251" w="203" h="170" sx="30" sy="-1" />
<obj class="13" id="0" x="421" y="251" w="203" h="170" sx="30" sy="-1" />
<obj class="13" id="0" x="67" y="251" w="203" h="170" sx="31" sy="-1" />
<obj class="13" id="0" x="263" y="251" w="203" h="170" sx="31" sy="-1" />
</jclevel>
